symbol,days,B_LOW,B_NORMAL,B_HIGH,B_SHOCK,B_HIGH_OR_SHOCK,A_LOW,A_HIGH_OR_SHOCK
AAL,1335,26.367041198501873,69.88764044943821,3.7453183520599254,0.0,3.7453183520599254,0.0,97.80068728522336
AAPL,2113,39.46994794131567,54.898248935163274,5.537150970184572,0.09465215333648841,5.63180312352106,0.0,74.74249888042992
ABBV,1468,23.092643051771116,72.0708446866485,4.836512261580381,0.0,4.836512261580381,0.0,58.18639798488665
AI,1471,44.11964649898029,50.713800135961925,5.030591434398368,0.13596193065941536,5.166553365057784,0.0,98.05153991200503
AMC,1503,48.170326014637396,46.174318030605455,5.588822355289421,0.0665335994677312,5.655355954757153,0.0,98.15157116451016
AMD,2321,22.662645411460577,73.80439465747523,3.532959931064197,0.0,3.532959931064197,0.0,98.48422777550184
AMZN,2491,54.71698113207547,39.98394219189081,5.13849859494179,0.16057808109193095,5.299076676033721,0.0,77.59479126771352
ARM,567,31.922398589065253,64.19753086419753,3.880070546737213,0.0,3.880070546737213,0.0,95.63318777292577
AVGO,1426,38.99018232819074,57.012622720897625,3.8569424964936885,0.1402524544179523,3.997194950911641,0.0,90.42690815006468
BAC,2363,24.375793482860768,70.84214980956412,4.782056707575117,0.0,4.782056707575117,0.0,75.99677809101892
C,1496,24.197860962566846,72.32620320855615,3.4759358288770055,0.0,3.4759358288770055,0.0,82.61138613861387
CCL,1359,28.844738778513612,66.96100073583517,4.194260485651214,0.0,4.194260485651214,0.0,97.97160243407707
COIN,1076,23.141263940520446,72.58364312267658,4.275092936802974,0.0,4.275092936802974,0.0,97.49163879598662
COST,1485,20.26936026936027,75.82491582491583,3.9057239057239053,0.0,3.9057239057239053,0.0,37.320872274143305
CRM,1469,22.94077603812117,72.43022464261402,4.628999319264806,0.0,4.628999319264806,0.0,91.31529263687854
CVX,2487,23.16043425814234,72.81865701648572,4.0209087253719344,0.0,4.0209087253719344,0.0,52.397391637897975
DAL,1479,22.853279242731574,74.4421906693712,2.704530087897228,0.0,2.704530087897228,0.0,97.12320200125079
DDOG,1485,22.55892255892256,73.46801346801347,3.9730639730639727,0.0,3.9730639730639727,0.0,98.13084112149532
F,1344,23.511904761904763,72.91666666666666,3.571428571428571,0.0,3.571428571428571,0.0,96.51639344262296
GM,1480,22.22972972972973,74.1891891891892,3.581081081081081,0.0,3.581081081081081,0.0,95.0625
GME,1503,59.14836992681304,33.59946773120426,7.18562874251497,0.0665335994677312,7.252162341982701,0.0,98.02834257547751
GOOGL,2309,47.206582936336076,47.72628843655262,4.850584668687744,0.21654395842356,5.067128627111304,0.20584602717167558,69.08192671881433
GS,2489,20.73121735636802,74.96986741663318,4.298915226998794,0.0,4.298915226998794,0.0,73.01648141050211
HAL,1488,20.900537634408604,76.74731182795699,2.3521505376344085,0.0,2.3521505376344085,0.0,94.21641791044776
HD,1476,20.867208672086722,76.28726287262873,2.8455284552845526,0.0,2.8455284552845526,0.0,61.59147869674185
HOOD,1105,23.167420814479637,70.67873303167421,6.153846153846154,0.0,6.153846153846154,0.0,97.55102040816327
INTC,1504,24.867021276595743,70.54521276595744,4.587765957446808,0.0,4.587765957446808,0.0,94.39655172413794
IONQ,1248,24.358974358974358,69.23076923076923,6.41025641025641,0.0,6.41025641025641,1.461988304093567,91.15497076023392
JNJ,1484,20.013477088948786,77.22371967654986,2.7628032345013476,0.0,2.7628032345013476,0.0,15.773067331670823
JPM,2480,24.637096774193548,70.12096774193549,5.241935483870968,0.0,5.241935483870968,0.0,51.80769230769231
LCID,1323,32.50188964474679,63.26530612244898,4.157218442932729,0.07558578987150416,4.232804232804233,0.0,94.45599445599446
LYFT,1436,26.6016713091922,68.24512534818942,5.153203342618385,0.0,5.153203342618385,0.0,98.0719794344473
MARA,1504,21.143617021276594,75.06648936170212,3.789893617021277,0.0,3.789893617021277,0.0,98.15270935960592
META,2209,31.779085559076503,62.83386147578089,5.3870529651425985,0.0,5.3870529651425985,0.21468441391155002,85.65908115070846
MRK,1485,21.346801346801346,74.94949494949495,3.7037037037037033,0.0,3.7037037037037033,0.0,51.8380062305296
MRVL,1503,23.28675981370592,71.72322022621424,4.990019960079841,0.0,4.990019960079841,0.0,98.15157116451016
MS,1481,25.523295070898044,71.10060769750169,3.37609723160027,0.0,3.37609723160027,0.0,84.32229856339788
MSFT,2295,24.095860566448803,70.89324618736383,5.010893246187364,0.0,5.010893246187364,0.0,59.87577639751552
MU,1399,17.441029306647604,79.3423874195854,3.216583273766976,0.0,3.216583273766976,0.0,97.95918367346938
NET,1488,23.118279569892472,71.7741935483871,5.10752688172043,0.0,5.10752688172043,0.0,98.13432835820896
NFLX,2448,45.38398692810458,48.529411764705884,5.841503267973856,0.24509803921568626,6.086601307189542,0.0,94.66510903426791
NIO,1504,22.074468085106382,74.93351063829788,2.992021276595745,0.0,2.992021276595745,0.0,98.15270935960592
NKE,1499,30.887258172114745,63.90927284856571,5.203468979319546,0.0,5.203468979319546,0.0,80.11117974058061
NVDA,2420,47.14876033057851,47.64462809917355,5.041322314049586,0.1652892561983471,5.206611570247934,0.0,98.07086614173228
ORCL,1457,31.365820178448867,61.839396019217574,6.794783802333562,0.0,6.794783802333562,0.0,77.48890298034242
OXY,1504,23.60372340425532,74.20212765957447,2.1941489361702127,0.0,2.1941489361702127,0.0,86.20689655172413
PFE,1504,24.66755319148936,71.01063829787235,4.321808510638299,0.0,4.321808510638299,0.0,65.02463054187191
PLTR,1315,28.59315589353612,66.08365019011407,5.323193916349809,0.0,5.323193916349809,0.0,97.90940766550523
QCOM,1459,26.319396847155584,69.29403701165182,4.386566141192598,0.0,4.386566141192598,0.0,90.56364787840405
QQQ,2303,29.743812418584454,65.3061224489796,4.950065132435953,0.0,4.950065132435953,2.8477094510936856,38.25835740817169
RCL,1479,28.532792427315755,66.73427991886409,4.732927653820148,0.0,4.732927653820148,0.0,98.12382739212008
RGTI,1150,29.217391304347828,61.73913043478261,9.043478260869566,0.0,9.043478260869566,7.086614173228346,89.05511811023622
RIOT,1503,18.829008649367932,78.44311377245509,2.7278775781769795,0.0,2.7278775781769795,0.0,98.15157116451016
RIVN,1032,26.937984496124027,69.0891472868217,3.9728682170542635,0.0,3.9728682170542635,0.0,97.39583333333334
SLB,1495,21.070234113712374,76.58862876254182,2.341137123745819,0.0,2.341137123745819,0.0,93.62229102167183
SMR,1255,25.89641434262948,65.81673306772909,8.286852589641434,0.0,8.286852589641434,10.909090909090908,84.43636363636364
SNOW,1325,27.39622641509434,68.22641509433961,4.377358490566038,0.0,4.377358490566038,0.0,97.92387543252595
SOFI,1271,19.98426435877262,76.16050354051927,3.8552321007081036,0.0,3.8552321007081036,0.0,97.84327821711
SOUN,913,38.11610076670318,56.955093099671416,4.928806133625411,0.0,4.928806133625411,0.0,97.09583736689254
SPY,2178,33.83838383838384,60.835629017447204,5.325987144168963,0.0,5.325987144168963,9.138381201044385,19.88685813751088
TGT,1490,34.16107382550336,60.872483221476514,4.966442953020135,0.0,4.966442953020135,0.0,81.49068322981367
TSLA,2443,35.24355300859599,60.458452722063036,4.175194433074089,0.12279983626688497,4.297994269340974,0.0,98.55637924307452
UAL,1502,30.02663115845539,65.64580559254327,4.327563249001331,0.0,4.327563249001331,0.0,98.02712700369914
UBER,1531,28.608752449379494,66.88438928804703,4.506858262573481,0.0,4.506858262573481,0.0,98.0617807389461
UNH,1477,28.774542992552472,66.07989167230873,5.145565335138795,0.0,5.145565335138795,0.0,73.45021916092674
VXX,1353,60.60606060606061,35.92017738359202,3.2520325203252036,0.22172949002217296,3.473762010347376,0.0,97.9633401221996
WMT,1501,44.17055296469021,51.89873417721519,3.79746835443038,0.13324450366422386,3.930712858094604,0.0,39.913633559531156
XOM,2500,16.6,79.47999999999999,3.92,0.0,3.92,0.8015267175572519,54.88549618320611
